{
  "project_info": {
    "project_number": "279667973481",
    "firebase_url": "https://bloodbud-5e149.firebaseio.com",
    "project_id": "bloodbud-5e149",
    "storage_bucket": "bloodbud-5e149.appspot.com"
  },
  "client": [
    {
      "client_info": {
        "mobilesdk_app_id": "1:279667973481:android:1721a842879d7211",
        "android_client_info": {
          "package_name": "com.example.chandu.bloodbud"
        }
      },
      "oauth_client": [
        {
          "client_id": "279667973481-t97ecu0im5dauu5eg6ebclvj06u04rrh.apps.googleusercontent.com",
          "client_type": 1,
          "android_info": {
            "package_name": "com.example.chandu.bloodbud",
            "certificate_hash": "7225ad757d2e286aa8b8911d9208c397ffd02e6e"
          }
        },
        {
          "client_id": "279667973481-ii531h7fgrhtaa2s8mkranf3vfmu8dht.apps.googleusercontent.com",
          "client_type": 3
        }
      ],
      "api_key": [
        {
          "current_key": "AIzaSyAZtQyNOi036NwSNnX791tbbVc3MmKBO9U"
        }
      ],
      "services": {
        "analytics_service": {
          "status": 1
        },
        "appinvite_service": {
          "status": 2,
          "other_platform_oauth_client": [
            {
              "client_id": "279667973481-ii531h7fgrhtaa2s8mkranf3vfmu8dht.apps.googleusercontent.com",
              "client_type": 3
            }
          ]
        },
        "ads_service": {
          "status": 2
        }
      }
    }
  ],
  "configuration_version": "1"
}